{"cameraMode":{"drawMode":0,"name":"Shaded","section":"Shading Mode"},"sceneLighting":true,"audioPlay":false,"sceneViewState":{"m_AlwaysRefresh":false,"showFog":true,"showSkybox":true,"showFlares":true,"showImageEffects":true,"showParticleSystems":true,"showVisualEffectGraphs":true,"m_FxEnabled":true},"in2DMode":false,"pivot":{"x":5.604763507843018,"y":1.6188268661499024,"z":-8.135112762451172},"rotation":{"x":0.4708910882472992,"y":-0.03964259475469589,"z":0.02127738669514656,"w":0.8811163306236267},"size":13.440447807312012,"orthographic":false}