{"cameraMode":{"drawMode":0,"name":"Shaded","section":"Shading Mode"},"sceneLighting":true,"audioPlay":false,"sceneViewState":{"m_AlwaysRefresh":false,"showFog":true,"showSkybox":true,"showFlares":true,"showImageEffects":true,"showParticleSystems":true,"showVisualEffectGraphs":true,"m_FxEnabled":true},"in2DMode":false,"pivot":{"x":32.603145599365237,"y":-10.480894088745118,"z":12.369030952453614},"rotation":{"x":-0.41132357716560366,"y":-0.5755906701087952,"z":0.41257724165916445,"w":-0.5738629102706909},"size":41.95726013183594,"orthographic":false}