{"cameraMode":{"drawMode":0,"name":"Shaded","section":"Shading Mode"},"sceneLighting":false,"audioPlay":false,"sceneViewState":{"m_AlwaysRefresh":false,"showFog":true,"showSkybox":false,"showFlares":true,"showImageEffects":true,"showParticleSystems":true,"showVisualEffectGraphs":true,"m_FxEnabled":true},"in2DMode":false,"pivot":{"x":3.5762786865234377e-7,"y":1.257326602935791,"z":-0.133550763130188},"rotation":{"x":-0.32895052433013918,"y":0.07553189992904663,"z":-0.026400411501526834,"w":-0.9409587979316711},"size":2.209601640701294,"orthographic":false}